<?xml version="1.0" encoding="UTF-8"?>
<jcr:root xmlns:cq="http://www.day.com/jcr/cq/1.0" xmlns:jcr="http://www.jcp.org/jcr/1.0" xmlns:nt="http://www.jcp.org/jcr/nt/1.0"
    jcr:primaryType="cq:Dialog"
    stateful="false"
    xtype="dialog">
    <items jcr:primaryType="cq:WidgetCollection">
        <tabs jcr:primaryType="cq:TabPanel">
            <items jcr:primaryType="cq:WidgetCollection">
                <basic
                    jcr:primaryType="cq:Widget"
                    path="/libs/foundation/components/page/tab_basic.infinity.json"
                    xtype="cqinclude"/>
                <mobile
                    jcr:primaryType="cq:Widget"
                    path="/libs/wcm/mobile/components/page/tab_mobile.infinity.json"
                    xtype="cqinclude"/>
                <advanced
                    jcr:primaryType="cq:Widget"
                    path="/libs/foundation/components/page/tab_advanced.infinity.json"
                    xtype="cqinclude"/>
                <image
                    jcr:primaryType="cq:Widget"
                    path="/libs/foundation/components/page/tab_image.infinity.json"
                    xtype="cqinclude"/>
                <cloudservices
                    jcr:primaryType="cq:Widget"
                    path="/libs/foundation/components/page/tab_cloudservices.infinity.json"
                    xtype="cqinclude"/>
                <blueprint
                    jcr:primaryType="cq:Widget"
                    path="/libs/foundation/components/page/tab_blueprint.infinity.json"
                    xtype="cqinclude"/>
                <livecopy
                    jcr:primaryType="cq:Widget"
                    path="/libs/foundation/components/page/tab_livecopy.infinity.json"
                    xtype="cqinclude"/>
                <sni-basic
                    jcr:primaryType="cq:Panel"
                    title="sni-basic">
                    <items jcr:primaryType="cq:WidgetCollection">
                        <template
                            jcr:primaryType="cq:Widget"
                            fieldDescription=" Only lowercase. Replace each whitespace with &quot;-&quot;."
                            fieldLabel="Content Template"
                            name="./template"
                            xtype="textfield"/>
                    </items>
                </sni-basic>
                <sni-media
                    jcr:primaryType="cq:Panel"
                    title="sni-media">
                    <items jcr:primaryType="cq:WidgetCollection">
                        <selection
                            jcr:primaryType="cq:Widget"
                            defaultValue="v1"
                            fieldLabel="Media"
                            name="./media"
                            type="select"
                            xtype="selection">
                            <options jcr:primaryType="cq:WidgetCollection">
                                <v1
                                    jcr:primaryType="nt:unstructured"
                                    text="iPhone"
                                    value="iphone"/>
                                <v2
                                    jcr:primaryType="nt:unstructured"
                                    text="Android"
                                    value="android"/>
                                <v3
                                    jcr:primaryType="nt:unstructured"
                                    text="iPad"
                                    value="ipad"/>
                                <v4
                                    jcr:primaryType="nt:unstructured"
                                    text="Desktop"
                                    value="desktop"/>
                            </options>
                        </selection>
                        <size
                            jcr:primaryType="cq:Widget"
                            fieldLabel="Screen Size"
                            name="./screenSize"
                            xtype="sizefield"/>
                    </items>
                </sni-media>
                <sni-modules
                    jcr:primaryType="cq:Panel"
                    title="sni-modules">
                    <items jcr:primaryType="cq:WidgetCollection">
                        <modules
                            jcr:primaryType="cq:Widget"
                            fieldDescription="Only lowercase. Replace each whitespace with &quot;-&quot;."
                            fieldLabel="Modules"
                            name="./modules"
                            xtype="multifield"/>
                    </items>
                </sni-modules>
            </items>
        </tabs>
    </items>
</jcr:root>
