<?xml version="1.0" encoding="UTF-8"?>
<jcr:root xmlns:sling="http://sling.apache.org/jcr/sling/1.0" xmlns:cq="http://www.day.com/jcr/cq/1.0" xmlns:jcr="http://www.jcp.org/jcr/1.0"
    jcr:primaryType="cq:Page">
    <jcr:content
        cq:lastModified="{Date}2012-03-27T16:07:32.263-04:00"
        cq:lastModifiedBy="admin"
        cq:template="/apps/cctv-index/templates/indexpage"
        jcr:primaryType="cq:PageContent"
        jcr:title="recipes"
        sling:resourceType="cctv-index/components/indexpage"/>
    <browse-more/>
    <double-column-list/>
    <list-package-module/>
    <package-navigation-module/>
    <package-reel/>
    <photo-gallery-component/>
    <quad-pod/>
    <thumbnail-grid/>
    <title-image-description-list/>
    <featured-in-this-gallery/>
</jcr:root>
