<?xml version="1.0" encoding="UTF-8"?>
<jcr:root xmlns:sling="http://sling.apache.org/jcr/sling/1.0" xmlns:cq="http://www.day.com/jcr/cq/1.0" xmlns:jcr="http://www.jcp.org/jcr/1.0"
    jcr:primaryType="cq:Page">
    <jcr:content
        cq:lastModified="{Date}2012-03-27T10:42:27.608-04:00"
        cq:lastModifiedBy="admin"
        cq:template="/apps/cctv-index/templates/indexpage"
        jcr:primaryType="cq:PageContent"
        jcr:title="shows"
        sling:resourceType="cctv-index/components/indexpage"/>
    <episode-programming-module/>
    <find-recent-episodes/>
    <meet-our-chefs/>
    <multi-promos-width-group-name/>
    <program-guide-featured-show/>
    <show-listings/>
    <static-lead-til-triad/>
    <tune-in-time/>
    <video-player-carousel/>
</jcr:root>
