<?xml version="1.0" encoding="UTF-8"?>
<jcr:root xmlns:sling="http://sling.apache.org/jcr/sling/1.0" xmlns:cq="http://www.day.com/jcr/cq/1.0" xmlns:jcr="http://www.jcp.org/jcr/1.0" xmlns:mix="http://www.jcp.org/jcr/mix/1.0" xmlns:nt="http://www.jcp.org/jcr/nt/1.0"
    jcr:mixinTypes="[mix:lockable]"
    jcr:primaryType="cq:Page">
    <jcr:content
        cq:lastModified="{Date}2012-03-31T19:40:47.287-04:00"
        cq:lastModifiedBy="admin"
        cq:template="/libs/wcm/core/templates/designpage"
        jcr:primaryType="cq:PageContent"
        jcr:title="cctv module index"
        sling:resourceType="wcm/core/components/designer">
        <modulepage jcr:primaryType="nt:unstructured">
            <par
                jcr:lastModified="{Date}2012-03-28T13:34:58.463-04:00"
                jcr:lastModifiedBy="admin"
                jcr:primaryType="nt:unstructured"
                sling:resourceType="foundation/components/parsys"
                components="[/apps/cctv-index/components/dependencies,/apps/cctv-index/components/head,/apps/cctv-index/components/iFrameH]">
                <section jcr:primaryType="nt:unstructured"/>
            </par>
            <logo
                jcr:lastModified="{Date}2012-03-30T18:01:29.942-04:00"
                jcr:lastModifiedBy="admin"
                jcr:primaryType="nt:unstructured"
                sling:resourceType="cctv-index/components/logo"
                absParent="1"
                fileReference="/content/dam/cctvindex/snlogo.png"
                imageRotate="0"/>
            <breadcrumb
                jcr:lastModified="{Date}2012-03-31T19:40:47.284-04:00"
                jcr:lastModifiedBy="admin"
                jcr:primaryType="nt:unstructured"
                sling:resourceType="cctv-index/components/breadcrumb"
                absParent="/content/cctv-index"
                delim=" >> "
                relParent="/content/cctv-index/talents/talent-1"
                trail="  "/>
        </modulepage>
    </jcr:content>
    <_x002e__static.css/>
    <images/>
    <indexpage/>
    <static.css/>
</jcr:root>
