<?xml version="1.0" encoding="UTF-8"?>
<jcr:root xmlns:sling="http://sling.apache.org/jcr/sling/1.0" xmlns:cq="http://www.day.com/jcr/cq/1.0" xmlns:jcr="http://www.jcp.org/jcr/1.0"
    jcr:primaryType="cq:Page">
    <jcr:content
        cq:lastModified="{Date}2012-03-19T14:25:47.453-04:00"
        cq:lastModifiedBy="admin"
        cq:template="/apps/cctv-index/templates/contentpage"
        jcr:primaryType="cq:PageContent"
        jcr:title="home"
        sling:resourceType="cctv-index/components/indexpage"/>
    <_x0033_00x250-big-box-ad/>
    <blog-homepage-module/>
    <center-column-hero/>
    <facebookfan/>
    <in-season-now-accordion/>
    <integrated-ads/>
    <most-popular/>
    <newsletter-subscribe/>
    <on-tv-whats-hot-promo/>
    <poll/>
    <single-column-list/>
    <static-lead-single/>
    <static-lead-triple-promo/>
    <static-lead-tvpromo/>
    <talent-by-line/>
    <til-6-2x3-recipe-grid/>
    <til-one/>
    <title-description-image-with-slug/>
    <video-thumbnail-carousel/>
</jcr:root>
