<?xml version="1.0" encoding="UTF-8"?>
<jcr:root xmlns:cq="http://www.day.com/jcr/cq/1.0" xmlns:jcr="http://www.jcp.org/jcr/1.0"
    jcr:primaryType="cq:Dialog"
    xtype="dialog">
    <items
        jcr:primaryType="cq:Widget"
        xtype="tabpanel">
        <items jcr:primaryType="cq:WidgetCollection">
            <tab1
                jcr:primaryType="cq:Panel"
                title="lead generic">
                <items jcr:primaryType="cq:WidgetCollection">
                    <title
                        jcr:primaryType="cq:Widget"
                        fieldLabel="Title"
                        name="./leadGenericTitle"
                        xtype="textfield"/>
                    <desc
                        jcr:primaryType="cq:Widget"
                        fieldLabel="Description"
                        name="./leadGenericDesc"
                        xtype="textfield"/>
                    <link
                        jcr:primaryType="cq:Widget"
                        fieldLabel="Link"
                        name="./leadGenericCTA"
                        xtype="textfield"/>
                    <release-date
                        jcr:primaryType="cq:Widget"
                        fieldLabel="Release Date"
                        name="./leadGenericReleaseDate"
                        xtype="datefield"/>
                    <expiration-date
                        jcr:primaryType="cq:Widget"
                        fieldLabel="Expiration Date"
                        name="./leadGenericExpirationDate"
                        xtype="datefield"/>
                </items>
            </tab1>
            <tab2
                jcr:primaryType="cq:Widget"
                title="image">
                <items jcr:primaryType="cq:WidgetCollection">
                    <image
                        jcr:primaryType="cq:Widget"
                        fieldLabel="Image URL"
                        name="./leadGenericImage"
                        xtype="textfield"/>
                </items>
            </tab2>
            <tab3
                jcr:primaryType="cq:Widget"
                title="links">
                <items jcr:primaryType="cq:WidgetCollection">
                    <title
                        jcr:primaryType="cq:Widget"
                        fieldLabel="Title"
                        name="./leadGenericTitle1"
                        xtype="textfield"/>
                    <link1
                        jcr:primaryType="cq:Widget"
                        fieldLabel="Link"
                        name="./leadGenericLink1"
                        xtype="textfield"/>
                    <link2
                        jcr:primaryType="cq:Widget"
                        fieldLabel="Link"
                        name="./leadGenericLink2"
                        xtype="textfield"/>
                    <link3
                        jcr:primaryType="cq:Widget"
                        fieldLabel="Link"
                        name="./leadGenericLink3"
                        xtype="textfield"/>
                    <link4
                        jcr:primaryType="cq:Widget"
                        fieldLabel="Link"
                        name="./leadGenericLink4"
                        xtype="textfield"/>
                    <link5
                        jcr:primaryType="cq:Widget"
                        fieldLabel="Link"
                        name="./leadGenericLink5"
                        xtype="textfield"/>
                </items>
            </tab3>
        </items>
    </items>
</jcr:root>
