<?xml version="1.0" encoding="UTF-8"?>
<jcr:root xmlns:tiff="http://ns.adobe.com/tiff/1.0/" xmlns:dc="http://purl.org/dc/elements/1.1/" xmlns:dam="http://www.day.com/dam/1.0" xmlns:cq="http://www.day.com/jcr/cq/1.0" xmlns:jcr="http://www.jcp.org/jcr/1.0" xmlns:nt="http://www.jcp.org/jcr/nt/1.0"
    jcr:primaryType="dam:Asset">
    <jcr:content
        jcr:lastModified="{Date}2012-04-04T14:43:24.494-04:00"
        jcr:lastModifiedBy="admin"
        jcr:primaryType="dam:AssetContent">
        <metadata
            dam:Bitsperpixel="{Long}8"
            dam:Comments="Software: Adobe ImageReady&#xa;"
            dam:extracted="{Date}2012-04-04T14:43:24.275-04:00"
            dam:Fileformat="PNG"
            dam:MIMEtype="image/png"
            dam:Numberofimages="{Long}1"
            dam:Numberoftextualcomments="{Long}1"
            dam:Physicalheightindpi="{Long}-1"
            dam:Physicalwidthindpi="{Long}-1"
            dam:Physicalwidthininches="{Double}-1.0"
            dam:Progressive="no"
            dc:format="application/octet-stream"
            dc:modified="{Date}2012-03-30T14:49:08.908-04:00"
            jcr:lastModified="{Date}2012-04-04T14:43:24.493-04:00"
            jcr:lastModifiedBy="admin"
            jcr:mixinTypes="[cq:Taggable]"
            jcr:primaryType="nt:unstructured"
            tiff:ImageLength="{Long}34"
            tiff:ImageWidth="{Long}154"/>
        <renditions jcr:primaryType="nt:unstructured">
            <cq5dam.thumbnail.48.48.png/>
            <cq5dam.thumbnail.140.100.png/>
            <cq5dam.web.1280.1280.png/>
            <original/>
            <cq5dam.thumbnail.319.319.png/>
        </renditions>
    </jcr:content>
</jcr:root>
